name,diet,budget,calories,goals,protein,cooking_time,allergens
Poha,vegetarian,20,200,weight_loss,skin_glow,5,none
Khichdi,vegetarian,25,250,weight_loss,general,10,none
Upma,vegetarian,20,180,weight_loss,skin_glow,8,none
Paneer Wrap,vegetarian,40,350,weight_gain,gym,15,none
Mixed Dal with Rice,vegetarian,35,300,general,skin_glow,12,none
Stuffed Paratha,vegetarian,30,320,weight_gain,general,20,gluten
Chana Masala,vegetarian,30,280,hair_fall,general,15,none
Vegetable Pulao,vegetarian,35,270,skin_glow,general,18,none
Rajma Chawal,vegetarian,35,310,general,hair_fall,20,none
Palak Paneer,vegetarian,45,340,skin_glow,gym,25,none
Boiled Egg & Roti,non-vegetarian,25,220,weight_gain,gym,10,egg
Omelette,non-vegetarian,20,180,weight_loss,gym,8,egg
Chicken Porridge,non-vegetarian,30,250,weight_loss,general,12,none
Grilled Chicken & Rice,non-vegetarian,45,400,weight_gain,gym,20,none
Fish Curry,non-vegetarian,50,350,skin_glow,hair_fall,25,fish
Egg Curry & Chapati,non-vegetarian,40,320,general,gym,18,egg
Chicken Salad,non-vegetarian,35,280,weight_loss,skin_glow,10,none
Tandoori Chicken,non-vegetarian,50,380,weight_gain,gym,30,none
Besan Chilla,vegetarian,15,200,weight_loss,skin_glow,10,none
Dal Tadka,vegetarian,20,220,general,hair_fall,15,none
# Add 1000+ entries by duplicating and varying ingredients, costs, etc.
name,diet,budget,calories,goals,protein,cooking_time,allergens
Veg Stir Fry,vegetarian,10,200,weight_loss,8,15,
Lentil Soup,vegan,8,180,general,10,20,
Paneer Tikka,vegetarian,15,250,muscle_gain,15,25,milk
Quinoa Salad,vegan,12,220,weight_loss,12,10,
Chicken Curry,non-vegetarian,20,350,muscle_gain,25,30,
Poha,vegetarian,10,150,general,5,10,
Chicken Salad,non-vegetarian,35,200,weight_loss,20,10,
Chicken Salad,non-vegetarian,35,200,weight_loss,20,10,
